,time_ms,delta_ms,aX,aY,aZ,gX,gY,gZ
0,0,0,8.46197784264,-1.7465212157399996,1.1066804524999996,8.512,4.375,0.672
